nomLencrier;  id     ; dateLencrier              ; titre     ; length 
"Cendre" ; "e128797" ; "19 mai 2013 à 21h40" ; "100" ; "1924"
"Cendre" ; "e175350" ; "26 juin 2020 à 16h35" ; "188 Réorg" ; "4177"
"Cendre" ; "e176002" ; "28 octobre 2020 à 13h33" ; "192 Retour sur site" ; "1780"
"Cendre" ; "e176817" ; "20 avril 2021 à 18h11" ; "198 Je vais bien" ; "130"
"Cendre" ; "e177759" ; "10 novembre 2021 à 10h16" ; "205 - Je suis autiste" ; "2520"
"Cendre" ; "e178098" ; "13 janvier 2022 à 20h47" ; "207 - Je vais mal" ; "6113"
"Cendre" ; "e178729" ; "20 mars 2022 à 16h57" ; "209 - je vais bien" ; "716"
"Cendre" ; "e173659" ; "20 novembre 2019 à 17h48" ; "21 jours d'abondance" ; "1039"
"Cendre" ; "e178826" ; "6 avril 2022 à 10h17" ; "210 Signaux faible" ; "1065"
"Cendre" ; "e179551" ; "20 juillet 2022 à 12h16" ; "213 - Comment j'ai chopé l'herpès" ; "4712"
"Cendre" ; "e179530" ; "18 juillet 2022 à 13h52" ; "213 - Il ne va pas bien" ; "1190"
"Cendre" ; "e180161" ; "9 septembre 2022 à 15h09" ; "215 - RBDSM" ; "6097"
"Cendre" ; "e180371" ; "5 octobre 2022 à 18h20" ; "216 - Théophanie" ; "2811"
"Cendre" ; "e180704" ; "24 novembre 2022 à 15h58" ; "217 - Comment retrouver le sourire ?" ; "1376"
"Cendre" ; "e180626" ; "15 novembre 2022 à 17h38" ; "217 - Santé mentale" ; "3084"
"Cendre" ; "e180848" ; "14 décembre 2022 à 10h56" ; "218 - Temps volé" ; "1598"
"Cendre" ; "e180859" ; "15 décembre 2022 à 12h05" ; "218 - colère" ; "849"
"Cendre" ; "e181379" ; "6 février 2023 à 17h58" ; "220 - Manhunt 2023" ; "3235"
"Cendre" ; "e181397" ; "8 février 2023 à 20h14" ; "220 - humeur instable" ; "2321"
"Cendre" ; "e181480" ; "18 février 2023 à 23h13" ; "220·1 - Notre Système" ; "9456"
"Cendre" ; "e182776" ; "19 avril 2023 à 23h18" ; "222 - Craquer en public" ; "1237"
"Cendre" ; "e182376" ; "13 juillet 2023 à 15h34" ; "225 - Annabelle" ; "1059"
"Cendre" ; "e182594" ; "13 août 2023 à 12h50" ; "226 - Sauf un point noir" ; "6460"
"Cendre" ; "e182603" ; "14 août 2023 à 14h08" ; "226 - mille petites choses qui ne se reproduiront plus jamais" ; "1499"
"Cendre" ; "e182484" ; "27 juillet 2023 à 17h57" ; "226 - raz le bol" ; "6184"
"Cendre" ; "e182642" ; "21 août 2023 à 14h25" ; "227 - Chaos" ; "818"
"Cendre" ; "e182764" ; "13 septembre 2023 à 15h48" ; "227 - Les plumes de Phœnix sont noires (213)" ; "9354"
"Cendre" ; "e182631" ; "18 août 2023 à 13h41" ; "227 - lâcher prise" ; "2112"
"Cendre" ; "e182858" ; "26 septembre 2023 à 15h37" ; "228 - ma vie est belle" ; "3098"
"Cendre" ; "e182912" ; "5 octobre 2023 à 16h20" ; "228 - une cinquième dans mon système" ; "2879"
"Cendre" ; "e183394" ; "2 janvier 2024 à 12h48" ; "231 - Nouvelle année !" ; "1139"
"Cendre" ; "e183525" ; "22 janvier 2024 à 13h45" ; "232 - Écritures" ; "4082"
"Cendre" ; "e183961" ; "2 avril 2024 à 8h34" ; "234 - J'ai pas choisi d'être différente" ; "1820"
"Cendre" ; "e184006" ; "8 avril 2024 à 10h03" ; "235 - pourquoi ça ne me fait rien" ; "1470"
"Cendre" ; "e184683" ; "14 juillet 2024 à 9h05" ; "238 - Nowhere" ; "5145"
"Cendre" ; "e148437" ; "27 juin 2015 à 22h02" ; "36 ans" ; "2167"
"Cendre" ; "e145327" ; "14 janvier 2015 à 18h16" ; "38 de fièvre" ; "3049"
"Cendre" ; "e125877" ; "10 mars 2013 à 21h46" ; "97" ; "1111"
"Cendre" ; "e147646" ; "11 mai 2015 à 11h46" ; "Addiction" ; "3832"
"Cendre" ; "e142920" ; "18 septembre 2014 à 10h13" ; "Adoption" ; "825"
"Cendre" ; "e126710" ; "2 avril 2013 à 23h22" ; "Advienne ce que pourra" ; "598"
"Cendre" ; "e125298" ; "25 février 2013 à 13h41" ; "Aller trop loin" ; "1033"
"Cendre" ; "e125364" ; "26 février 2013 à 12h32" ; "Aller trop loin (bis)" ; "988"
"Cendre" ; "e162321" ; "20 avril 2017 à 17h57" ; "Amoureuse ?" ; "2545"
"Cendre" ; "e162136" ; "5 avril 2017 à 15h04" ; "Assignée garçon" ; "975"
"Cendre" ; "e125965" ; "14 mars 2013 à 11h19" ; "Asynchrone" ; "747"
"Cendre" ; "e142082" ; "15 août 2014 à 22h33" ; "Au nom du polyamour" ; "463"
"Cendre" ; "e143892" ; "5 novembre 2014 à 10h39" ; "Axiome" ; "111"
"Cendre" ; "e126786" ; "4 avril 2013 à 23h19" ; "Belle journée" ; "677"
"Cendre" ; "e131827" ; "30 juillet 2013 à 14h38" ; "Bonheurs gratuits" ; "633"
"Cendre" ; "e167022" ; "9 janvier 2018 à 16h26" ; "Bonne Année !" ; "2547"
"Cendre" ; "e148411" ; "26 juin 2015 à 10h28" ; "Bonnes résolutions" ; "369"
"Cendre" ; "e132791" ; "31 août 2013 à 1h26" ; "Boulimie" ; "2215"
"Cendre" ; "e147394" ; "28 avril 2015 à 13h12" ; "Brother Sparrow" ; "748"
"Cendre" ; "e161071" ; "26 janvier 2017 à 15h52" ; "C'est pour ça que je décroche" ; "4426"
"Cendre" ; "e136155" ; "21 décembre 2013 à 13h44" ; "C'est quoi l'Amour ?" ; "4292"
"Cendre" ; "e135720" ; "6 décembre 2013 à 10h02" ; "C'est ça que je pleure ce matin" ; "2332"
"Cendre" ; "e128588" ; "12 mai 2013 à 22h20" ; "Café poly" ; "2573"
"Cendre" ; "e126239" ; "21 mars 2013 à 0h57" ; "Ce n'est qu'un modèle" ; "4499"
"Cendre" ; "e149741" ; "22 septembre 2015 à 11h31" ; "Ce que je suis prête à faire" ; "4485"
"Cendre" ; "e142147" ; "19 août 2014 à 12h25" ; "Ce que vous m'apportez" ; "1769"
"Cendre" ; "e125244" ; "2 décembre 2012 à 19h42" ; "Cendres" ; "4131"
"Cendre" ; "e174476" ; "27 février 2020 à 19h35" ; "Chakras " ; "9587"
"Cendre" ; "e162197" ; "10 avril 2017 à 12h38" ; "Chance, pas de chance ?" ; "10902"
"Cendre" ; "e128274" ; "3 mai 2013 à 0h29" ; "Chansons en tête" ; "1872"
"Cendre" ; "e129805" ; "12 juin 2013 à 10h24" ; "Chonchon patachon" ; "1764"
"Cendre" ; "e131608" ; "24 juillet 2013 à 0h07" ; "Chronophage" ; "3207"
"Cendre" ; "e165647" ; "22 septembre 2017 à 15h59" ; "Circularité" ; "2026"
"Cendre" ; "e163236" ; "16 juin 2017 à 11h30" ; "Colère" ; "1565"
"Cendre" ; "e177595" ; "14 octobre 2021 à 11h29" ; "Colère" ; "1832"
"Cendre" ; "e126437" ; "26 mars 2013 à 14h17" ; "Combinatoire" ; "685"
"Cendre" ; "e137413" ; "2 février 2014 à 2h13" ; "Comme des enfants" ; "1738"
"Cendre" ; "e133400" ; "17 septembre 2013 à 23h01" ; "Comment avais-je pu oublier" ; "1815"
"Cendre" ; "e141902" ; "9 août 2014 à 16h00" ; "Comment j'ai chopé la gale" ; "7317"
"Cendre" ; "e161175" ; "2 février 2017 à 17h52" ; "Comment j'ai chopé la gale (bis)" ; "4847"
"Cendre" ; "e141222" ; "16 juillet 2014 à 15h01" ; "Communication non violente ?" ; "3209"
"Cendre" ; "e129764" ; "11 juin 2013 à 12h17" ; "Comédie dramatique" ; "951"
"Cendre" ; "e150055" ; "7 octobre 2015 à 11h31" ; "Concentration n'est pas adrénaline" ; "1239"
"Cendre" ; "e148886" ; "29 juillet 2015 à 9h40" ; "Confiance" ; "2200"
"Cendre" ; "e128737" ; "17 mai 2013 à 17h14" ; "Connexion musicale" ; "826"
"Cendre" ; "e150325" ; "16 octobre 2015 à 20h14" ; "Consignes d'écriture" ; "9671"
"Cendre" ; "e146651" ; "24 mars 2015 à 19h22" ; "Cordes" ; "6546"
"Cendre" ; "e130155" ; "21 juin 2013 à 16h40" ; "Creux" ; "2899"
"Cendre" ; "e139784" ; "18 mai 2014 à 20h27" ; "Critique de la division du travail" ; "8197"
"Cendre" ; "e161899" ; "21 mars 2017 à 14h02" ; "Célibataire en fonction des lieux ?" ; "7691"
"Cendre" ; "e166621" ; "6 décembre 2017 à 15h55" ; "Dandy" ; "906"
"Cendre" ; "e137106" ; "21 janvier 2014 à 20h16" ; "Dans une relation, le plus indépendant a le pouvoir" ; "3287"
"Cendre" ; "e179374" ; "28 juin 2022 à 15h16" ; "Dans une semaine, je suis à Nowhere ! [212-213]" ; "3085"
"Cendre" ; "e144922" ; "28 décembre 2014 à 17h12" ; "Dernier weekend seule" ; "3371"
"Cendre" ; "e142144" ; "18 août 2014 à 9h54" ; "Des ménagements" ; "2541"
"Cendre" ; "e149645" ; "17 septembre 2015 à 13h31" ; "Destruction d'ego" ; "10275"
"Cendre" ; "e168347" ; "3 juin 2018 à 12h00" ; "Différents formes de burns" ; "2510"
"Cendre" ; "e167252" ; "13 février 2018 à 17h31" ; "Dispersion" ; "3594"
"Cendre" ; "e161819" ; "16 mars 2017 à 13h03" ; "Dissection d'un effondrement." ; "9409"
"Cendre" ; "e139309" ; "24 avril 2014 à 21h37" ; "Dominant et Dominé" ; "2890"
"Cendre" ; "e126467" ; "27 mars 2013 à 9h55" ; "Doutes" ; "333"
"Cendre" ; "e144295" ; "25 novembre 2014 à 14h06" ; "Du pourquoi du comment de la représentation du personnel au CA" ; "3224"
"Cendre" ; "e137521" ; "5 février 2014 à 18h06" ; "Déclarations d'amour" ; "617"
"Cendre" ; "e144336" ; "27 novembre 2014 à 12h22" ; "Décompression" ; "1357"
"Cendre" ; "e161954" ; "24 mars 2017 à 14h26" ; "Dévergondage" ; "1975"
"Cendre" ; "e163407" ; "27 juin 2017 à 12h58" ; "Echange de crush" ; "1120"
"Cendre" ; "e131257" ; "10 juillet 2013 à 13h58" ; "Echec critique" ; "806"
"Cendre" ; "e139919" ; "24 mai 2014 à 21h58" ; "Effacer les souvenirs" ; "6157"
"Cendre" ; "e158453" ; "1 septembre 2016 à 14h28" ; "Encore des larmes" ; "1506"
"Cendre" ; "e126934" ; "9 avril 2013 à 16h55" ; "Energies complémentaires" ; "1782"
"Cendre" ; "e130914" ; "29 juin 2013 à 23h47" ; "Enfin chez soi" ; "342"
"Cendre" ; "e172955" ; "2 août 2019 à 15h08" ; "Ennéagramme" ; "5425"
"Cendre" ; "e173592" ; "8 novembre 2019 à 13h37" ; "Ennéagramme, l'atelier" ; "4707"
"Cendre" ; "e150251" ; "13 octobre 2015 à 10h44" ; "Etats d'âmes" ; "2566"
"Cendre" ; "e166503" ; "24 novembre 2017 à 12h30" ; "Evidences" ; "1368"
"Cendre" ; "e125647" ; "4 mars 2013 à 11h24" ; "Extase" ; "179"
"Cendre" ; "e132530" ; "22 août 2013 à 14h08" ; "Faire les choses pour soi" ; "1056"
"Cendre" ; "e131083" ; "4 juillet 2013 à 18h44" ; "Fais attention de ne pas être triste" ; "1776"
"Cendre" ; "e137321" ; "29 janvier 2014 à 12h56" ; "Fatigue" ; "3324"
"Cendre" ; "e171318" ; "22 janvier 2019 à 12h59" ; "Fierté" ; "1079"
"Cendre" ; "e126381" ; "24 mars 2013 à 21h42" ; "Fragments de bonheur" ; "1502"
"Cendre" ; "e125544" ; "1 mars 2013 à 10h56" ; "Gestion des priorités" ; "928"
"Cendre" ; "e129313" ; "30 mai 2013 à 21h02" ; "Hamster" ; "1344"
"Cendre" ; "e134960" ; "9 novembre 2013 à 0h25" ; "Hum" ; "1032"
"Cendre" ; "e139007" ; "12 avril 2014 à 13h17" ; "Il faut" ; "4079"
"Cendre" ; "e167807" ; "10 avril 2018 à 10h24" ; "Il m'est revenu !" ; "335"
"Cendre" ; "e145523" ; "25 janvier 2015 à 14h19" ; "Il me fait complètement craquer" ; "2562"
"Cendre" ; "e155209" ; "8 mai 2016 à 20h07" ; "Ils sont de retour" ; "1117"
"Cendre" ; "e128666" ; "15 mai 2013 à 9h48" ; "Ils sont revenus !" ; "523"
"Cendre" ; "e126011" ; "15 mars 2013 à 15h12" ; "Improvisation" ; "641"
"Cendre" ; "e140419" ; "15 juin 2014 à 11h08" ; "Inconstance" ; "4938"
"Cendre" ; "e140090" ; "1 juin 2014 à 17h07" ; "Indépendance ?" ; "911"
"Cendre" ; "e148027" ; "4 juin 2015 à 10h10" ; "Inoxydable" ; "3055"
"Cendre" ; "e174513" ; "4 mars 2020 à 14h39" ; "Inspecteur des travaux finis" ; "1132"
"Cendre" ; "e178905" ; "22 avril 2022 à 12h15" ; "Instant présent et liberté" ; "466"
"Cendre" ; "e139349" ; "28 avril 2014 à 0h26" ; "Interdépendance" ; "2131"
"Cendre" ; "e157964" ; "7 août 2016 à 23h51" ; "Intimité" ; "649"
"Cendre" ; "e172951" ; "1 août 2019 à 16h14" ; "Introspection" ; "7007"
"Cendre" ; "e126546" ; "29 mars 2013 à 12h45" ; "J'ai pas le choix" ; "4991"
"Cendre" ; "e127968" ; "24 avril 2013 à 10h34" ; "J'ai pas le temps d'écrire" ; "1591"
"Cendre" ; "e147246" ; "20 avril 2015 à 10h37" ; "J'ai un peu mal partout, mais une pêche d'enfert" ; "3997"
"Cendre" ; "e127121" ; "14 avril 2013 à 18h52" ; "J'aime te voir heureux" ; "235"
"Cendre" ; "e138132" ; "4 mars 2014 à 17h14" ; "J'aime te voir heureux" ; "2169"
"Cendre" ; "e136586" ; "5 janvier 2014 à 19h06" ; "J'essaye de me mettre à sa place" ; "3404"
"Cendre" ; "e137979" ; "24 février 2014 à 18h02" ; "J'men suis jamais cachée" ; "2459"
"Cendre" ; "e137473" ; "4 février 2014 à 10h09" ; "J'suis trop happy" ; "529"
"Cendre" ; "e147306" ; "24 avril 2015 à 10h16" ; "Jack sparrow" ; "805"
"Cendre" ; "e148011" ; "3 juin 2015 à 14h19" ; "Je ferme les yeux" ; "7695"
"Cendre" ; "e129451" ; "3 juin 2013 à 10h47" ; "Je l'aime" ; "1387"
"Cendre" ; "e127483" ; "16 avril 2013 à 17h34" ; "Je me résigne" ; "1879"
"Cendre" ; "e140481" ; "17 juin 2014 à 11h46" ; "Je ne suis pas seule" ; "630"
"Cendre" ; "e128764" ; "18 mai 2013 à 23h44" ; "Je rame" ; "2768"
"Cendre" ; "e145856" ; "11 février 2015 à 14h16" ; "Je reste en deuil" ; "787"
"Cendre" ; "e177723" ; "3 novembre 2021 à 9h44" ; "Je retourne à nowhere cette année" ; "939"
"Cendre" ; "e133840" ; "2 octobre 2013 à 15h43" ; "Je suis amoureuse" ; "2189"
"Cendre" ; "e143977" ; "10 novembre 2014 à 10h55" ; "Je suis amoureuse et polyamoureuse" ; "1853"
"Cendre" ; "e161377" ; "14 février 2017 à 19h19" ; "Je suis fâchée" ; "1863"
"Cendre" ; "e127960" ; "24 avril 2013 à 0h02" ; "Je suis heureuse" ; "867"
"Cendre" ; "e147644" ; "8 mai 2015 à 12h01" ; "Je suis morte cette nuit" ; "658"
"Cendre" ; "e130012" ; "18 juin 2013 à 0h29" ; "Je suis un être désirant" ; "738"
"Cendre" ; "e136286" ; "27 décembre 2013 à 17h50" ; "Je vais bien et mal en même temps" ; "1315"
"Cendre" ; "e167320" ; "19 février 2018 à 12h21" ; "Je veux mon billet moi aussi :)" ; "2647"
"Cendre" ; "e128986" ; "25 mai 2013 à 13h38" ; "Je vois pas les semaines passer" ; "2114"
"Cendre" ; "e125241" ; "23 février 2013 à 23h11" ; "Journal extime" ; "1317"
"Cendre" ; "e144638" ; "12 décembre 2014 à 20h27" ; "Kinky ?" ; "2546"
"Cendre" ; "e143034" ; "23 septembre 2014 à 12h44" ; "L'art d'être" ; "2066"
"Cendre" ; "e126413" ; "25 mars 2013 à 22h03" ; "L'émotion s'estompe" ; "468"
"Cendre" ; "e131446" ; "17 juillet 2013 à 10h04" ; "La vie est belle" ; "150"
"Cendre" ; "e131770" ; "29 juillet 2013 à 9h51" ; "La vie est belle si je le décide" ; "520"
"Cendre" ; "e147571" ; "6 mai 2015 à 14h49" ; "Le bonheur tient vraiment à peu de chose" ; "2023"
"Cendre" ; "e150398" ; "20 octobre 2015 à 23h15" ; "Le souci" ; "6742"
"Cendre" ; "e131190" ; "8 juillet 2013 à 11h07" ; "Le temps et l'envie" ; "1059"
"Cendre" ; "e147307" ; "24 avril 2015 à 12h14" ; "Lecteur !" ; "791"
"Cendre" ; "e139330" ; "26 avril 2014 à 17h56" ; "Lecture, le couple lunaire" ; "2187"
"Cendre" ; "e139298" ; "24 avril 2014 à 10h44" ; "Lectures" ; "2159"
"Cendre" ; "e147981" ; "1 juin 2015 à 10h33" ; "Les relations humaines sont des entités vivantes" ; "2221"
"Cendre" ; "e131856" ; "31 juillet 2013 à 10h32" ; "Lutine le film" ; "3440"
"Cendre" ; "e150612" ; "1 novembre 2015 à 22h03" ; "MBTI : les tempéraments" ; "4204"
"Cendre" ; "e174531" ; "6 mars 2020 à 18h08" ; "Magicienne du chaos" ; "66"
"Cendre" ; "e125653" ; "9 janvier 2013 à 18h27" ; "Merci K." ; "1848"
"Cendre" ; "e139315" ; "25 avril 2014 à 10h32" ; "Mode prolixe et heureuse ce matin" ; "5675"
"Cendre" ; "e129841" ; "13 juin 2013 à 15h01" ; "Mon chef" ; "560"
"Cendre" ; "e144026" ; "12 novembre 2014 à 12h18" ; "Mono en parallèle" ; "1603"
"Cendre" ; "e140291" ; "9 juin 2014 à 22h43" ; "Muse" ; "588"
"Cendre" ; "e174789" ; "1 avril 2020 à 12h54" ; "Méditation" ; "1741"
"Cendre" ; "e173030" ; "13 août 2019 à 19h18" ; "Narcose" ; "5452"
"Cendre" ; "e131121" ; "5 juillet 2013 à 17h02" ; "Ne pas dire qu'on est débordé" ; "1059"
"Cendre" ; "e157712" ; "1 août 2016 à 10h26" ; "Non-naissance" ; "1958"
"Cendre" ; "e133428" ; "18 septembre 2013 à 15h58" ; "Notes" ; "247"
"Cendre" ; "e140191" ; "5 juin 2014 à 13h04" ; "Notes" ; "5592"
"Cendre" ; "e159095" ; "4 octobre 2016 à 21h16" ; "Nous sommes de la même espèce" ; "3225"
"Cendre" ; "e139302" ; "24 avril 2014 à 14h52" ; "Objet d'amour" ; "1967"
"Cendre" ; "e149719" ; "21 septembre 2015 à 13h10" ; "Occasion manquée" ; "2549"
"Cendre" ; "e157828" ; "3 août 2016 à 16h22" ; "Ordre de grandeur" ; "2142"
"Cendre" ; "e125909" ; "12 mars 2013 à 12h05" ; "Orgueil" ; "460"
"Cendre" ; "e128395" ; "6 mai 2013 à 11h27" ; "Par où commencer" ; "3969"
"Cendre" ; "e134040" ; "10 octobre 2013 à 10h13" ; "Pardon" ; "531"
"Cendre" ; "e127873" ; "21 avril 2013 à 0h54" ; "Pari gagné" ; "1191"
"Cendre" ; "e140730" ; "27 juin 2014 à 15h54" ; "Parole de mon chef" ; "429"
"Cendre" ; "e148030" ; "7 juin 2015 à 1h49" ; "Pas de compte à rendre" ; "429"
"Cendre" ; "e131756" ; "28 juillet 2013 à 21h52" ; "Pas immunisée" ; "2279"
"Cendre" ; "e137825" ; "17 février 2014 à 16h32" ; "Pas moyen de bosser" ; "2541"
"Cendre" ; "e130960" ; "1 juillet 2013 à 18h46" ; "Pas très inspirée" ; "2019"
"Cendre" ; "e126507" ; "28 mars 2013 à 10h19" ; "Patience ou sublimation ?" ; "823"
"Cendre" ; "e128695" ; "16 mai 2013 à 12h30" ; "Pause" ; "1916"
"Cendre" ; "e140480" ; "17 juin 2014 à 11h29" ; "Pause" ; "1918"
"Cendre" ; "e129978" ; "17 juin 2013 à 10h38" ; "Pensée arborescente" ; "1454"
"Cendre" ; "e125970" ; "14 mars 2013 à 14h02" ; "Pensées inconvenantes" ; "922"
"Cendre" ; "e136706" ; "9 janvier 2014 à 14h29" ; "Petit nuage" ; "521"
"Cendre" ; "e126624" ; "31 mars 2013 à 21h14" ; "Petite victoire" ; "62"
"Cendre" ; "e164406" ; "8 août 2017 à 10h17" ; "Plaisir" ; "1162"
"Cendre" ; "e140147" ; "3 juin 2014 à 14h43" ; "Plus t'en fait, plus on te demande" ; "1005"
"Cendre" ; "e136222" ; "24 décembre 2013 à 15h19" ; "Polyfamille" ; "3186"
"Cendre" ; "e132576" ; "24 août 2013 à 12h15" ; "Prendre le temps" ; "2022"
"Cendre" ; "e128039" ; "26 avril 2013 à 0h41" ; "Preuves d'amour" ; "792"
"Cendre" ; "e146636" ; "23 mars 2015 à 18h31" ; "Principe de réalité" ; "3052"
"Cendre" ; "e145742" ; "5 février 2015 à 12h56" ; "Prise de bec" ; "3465"
"Cendre" ; "e159448" ; "24 octobre 2016 à 15h35" ; "Profiter de chaque instant ?" ; "2121"
"Cendre" ; "e169278" ; "23 août 2018 à 10h22" ; "Que vaut une minute d'un directeur ?" ; "2669"
"Cendre" ; "e157766" ; "2 août 2016 à 12h00" ; "Radical Face - Ghost Towns" ; "2549"
"Cendre" ; "e138195" ; "7 mars 2014 à 10h33" ; "Recul ?" ; "1137"
"Cendre" ; "e166755" ; "18 décembre 2017 à 14h51" ; "Relecture" ; "833"
"Cendre" ; "e147659" ; "12 mai 2015 à 11h05" ; "Rennaissance" ; "586"
"Cendre" ; "e127047" ; "12 avril 2013 à 20h44" ; "Retombée comme un soufflé" ; "567"
"Cendre" ; "e126187" ; "19 mars 2013 à 11h02" ; "Retour au vide" ; "2545"
"Cendre" ; "e149918" ; "30 septembre 2015 à 21h40" ; "Retour sur les types Jungiens" ; "5139"
"Cendre" ; "e142989" ; "21 septembre 2014 à 12h42" ; "Revenu inconditionnel ou salaire à vie" ; "1938"
"Cendre" ; "e140637" ; "24 juin 2014 à 14h25" ; "Ronronne" ; "937"
"Cendre" ; "e147746" ; "19 mai 2015 à 11h53" ; "Réconciliation" ; "1999"
"Cendre" ; "e139821" ; "20 mai 2014 à 12h08" ; "Réfléchir avant de parler" ; "2440"
"Cendre" ; "e167674" ; "27 mars 2018 à 11h27" ; "Réseau social" ; "998"
"Cendre" ; "e131395" ; "15 juillet 2013 à 15h53" ; "Résolument indécent" ; "492"
"Cendre" ; "e125578" ; "2 mars 2013 à 11h00" ; "Samedi matin" ; "613"
"Cendre" ; "e144131" ; "18 novembre 2014 à 18h04" ; "Saturation" ; "2116"
"Cendre" ; "e163384" ; "26 juin 2017 à 15h50" ; "Se laisser tomber amoureuse" ; "1071"
"Cendre" ; "e126404" ; "25 mars 2013 à 16h15" ; "Se noyer dans un verre d'eau" ; "1463"
"Cendre" ; "e140986" ; "7 juillet 2014 à 14h41" ; "Sensualité" ; "1124"
"Cendre" ; "e139869" ; "22 mai 2014 à 17h12" ; "Sexualités ?" ; "2151"
"Cendre" ; "e131652" ; "25 juillet 2013 à 15h42" ; "So lets me go" ; "292"
"Cendre" ; "e148499" ; "30 juin 2015 à 23h47" ; "Solitude" ; "293"
"Cendre" ; "e143898" ; "5 novembre 2014 à 15h24" ; "Son rêve" ; "1081"
"Cendre" ; "e177591" ; "13 octobre 2021 à 15h00" ; "Sortir de chez moi" ; "1999"
"Cendre" ; "e126959" ; "10 avril 2013 à 16h24" ; "Soupçons" ; "714"
"Cendre" ; "e138570" ; "24 mars 2014 à 10h19" ; "Sourire béat" ; "555"
"Cendre" ; "e133326" ; "16 septembre 2013 à 10h11" ; "Soyons optimiste" ; "895"
"Cendre" ; "e136032" ; "17 décembre 2013 à 18h23" ; "Stop !" ; "1262"
"Cendre" ; "e132635" ; "26 août 2013 à 14h34" ; "Suis-je quelqu'un de bien ?" ; "2543"
"Cendre" ; "e129201" ; "28 mai 2013 à 1h12" ; "Tapoum" ; "172"
"Cendre" ; "e128606" ; "13 mai 2013 à 14h26" ; "Te suis reconnaissante" ; "376"
"Cendre" ; "e142234" ; "21 août 2014 à 16h42" ; "Théorie de la percolation" ; "2977"
"Cendre" ; "e149652" ; "18 septembre 2015 à 18h02" ; "Travail d'archive" ; "3468"
"Cendre" ; "e131474" ; "18 juillet 2013 à 11h20" ; "Travail en binôme" ; "1046"
"Cendre" ; "e132248" ; "13 août 2013 à 17h22" ; "Triangulaires" ; "2917"
"Cendre" ; "e126846" ; "7 avril 2013 à 1h34" ; "Triste journée" ; "520"
"Cendre" ; "e142367" ; "26 août 2014 à 22h39" ; "Trois hommes" ; "1904"
"Cendre" ; "e140276" ; "9 juin 2014 à 14h38" ; "Télépathie" ; "952"
"Cendre" ; "e147174" ; "16 avril 2015 à 11h56" ; "Témoignages heureux" ; "1777"
"Cendre" ; "e173791" ; "13 décembre 2019 à 16h30" ; "Un peu plus que cela, même" ; "4658"
"Cendre" ; "e135332" ; "22 novembre 2013 à 15h35" ; "Un psy" ; "1517"
"Cendre" ; "e138988" ; "11 avril 2014 à 14h40" ; "Un sens à la vie" ; "2468"
"Cendre" ; "e143936" ; "7 novembre 2014 à 14h40" ; "Vous savez, le sexe est vraiment une chose ridicule" ; "3260"
"Cendre" ; "e179329" ; "23 juin 2022 à 9h40" ; "[212] Anniversaire" ; "889"
"Cendre" ; "e158013" ; "9 août 2016 à 13h28" ; "horoscope ?" ; "782"
"Cendre" ; "e132448" ; "20 août 2013 à 0h21" ; "notes" ; "2259"
"Cendre" ; "e127800" ; "18 avril 2013 à 11h25" ; "Ça va le faire" ; "1132"
"Cendre" ; "e139270" ; "22 avril 2014 à 23h57" ; "Échelles de l'infidélité" ; "4086"
"Cendre" ; "e126307" ; "22 mars 2013 à 20h08" ; "Éloge de la lenteur" ; "856"
"Cendre" ; "e134278" ; "18 octobre 2013 à 16h43" ; "Équilibres" ; "1988"
"Cendre" ; "e131250" ; "10 juillet 2013 à 10h15" ; "Étonnamment, ça va bien, en fait" ; "30"
"Cendre" ; "e130061" ; "19 juin 2013 à 11h04" ; "Être désirée" ; "2823"
"Cendre" ; "e179013" ; "12 mai 2022 à 11h07" ; "ça fait du bien d'aller bien !!" ; "2352"
"Cendre" ; "e174685" ; "22 mars 2020 à 11h36" ; "ça fait un bail !" ; "2544"
